date,UNRATE,UMCSENT,RSXFS,retail_growth,unrate_diff,sentiment_diff
1992-02-01,7.4,68.8,142584.0,0.11578826779672369,0.10000000000000053,1.2999999999999972
1992-03-01,7.4,76.0,142120.0,-0.32595285687229136,0.0,7.200000000000003
1992-04-01,7.4,77.2,143659.0,1.0770664589745849,0.0,1.2000000000000028
1992-05-01,7.6,79.2,144239.0,0.4029210238828185,0.1999999999999993,2.0
1992-06-01,7.8,80.4,145273.0,0.7143084891369611,0.20000000000000018,1.2000000000000028
1992-07-01,7.7,76.6,146743.0,1.0068026527388696,-0.09999999999999964,-3.8000000000000114
1992-08-01,7.6,76.1,146070.0,-0.45967985374399944,-0.10000000000000053,-0.5
1992-09-01,7.6,75.6,147932.0,1.2666749858096793,0.0,-0.5
1992-10-01,7.3,73.3,149346.0,0.9513052857496263,-0.2999999999999998,-2.299999999999997
1992-11-01,7.4,85.3,149131.0,-0.1440647267195061,0.10000000000000053,12.0
1992-12-01,7.4,91.0,150578.0,0.9656108046295131,0.0,5.700000000000003
1993-01-01,7.3,89.3,152329.0,1.1561433074579242,-0.10000000000000053,-1.7000000000000028
1993-02-01,7.1,86.6,151742.0,-0.3860945168696617,-0.20000000000000018,-2.700000000000003
1993-03-01,7.0,85.9,150525.0,-0.8052526912782909,-0.09999999999999964,-0.6999999999999886
1993-04-01,7.1,85.6,154720.0,2.748784835447182,0.09999999999999964,-0.30000000000001137
1993-05-01,7.1,80.3,155537.0,0.5266613732754166,0.0,-5.299999999999997
1993-06-01,7.0,81.5,155353.0,-0.1183698552440049,-0.09999999999999964,1.2000000000000028
1993-07-01,6.9,77.0,158267.0,1.8583533329845636,-0.09999999999999964,-4.5
1993-08-01,6.8,77.3,157425.0,-0.5334325840337328,-0.10000000000000053,0.29999999999999716
1993-09-01,6.7,77.9,158535.0,0.7026234754613725,-0.09999999999999964,0.6000000000000085
1993-10-01,6.8,82.7,159773.0,0.7778668725700655,0.09999999999999964,4.799999999999997
1993-11-01,6.6,81.2,162004.0,1.3866968430461313,-0.20000000000000018,-1.5
1993-12-01,6.5,88.2,163258.0,0.7710745264454033,-0.09999999999999964,7.0
1994-01-01,6.6,94.3,162369.0,-0.5460248743149876,0.09999999999999964,6.099999999999994
1994-02-01,6.6,93.2,165075.0,1.6528393273748776,0.0,-1.0999999999999943
1994-03-01,6.5,91.5,168330.0,1.9526422350356398,-0.09999999999999964,-1.7000000000000028
1994-04-01,6.4,92.6,168262.0,-0.040405001262833196,-0.09999999999999964,1.0999999999999943
1994-05-01,6.1,92.8,167412.0,-0.5064448344391792,-0.3000000000000007,0.20000000000000284
1994-06-01,6.1,91.2,169337.0,1.1432972145273723,0.0,-1.5999999999999943
1994-07-01,6.1,89.0,169514.0,0.1044707060614769,0.0,-2.200000000000003
1994-08-01,6.0,91.7,172332.0,1.6487329586622579,-0.09999999999999964,2.700000000000003
1994-09-01,5.9,91.5,174018.0,0.973589327350588,-0.09999999999999964,-0.20000000000000284
1994-10-01,5.8,92.7,175309.0,0.7391389028361672,-0.10000000000000053,1.2000000000000028
1994-11-01,5.6,91.6,175761.0,0.25749864685149504,-0.20000000000000018,-1.1000000000000085
1994-12-01,5.5,95.1,176168.0,0.23129675670272576,-0.09999999999999964,3.5
1995-01-01,5.6,97.6,177136.0,0.5479713913219442,0.09999999999999964,2.5
1995-02-01,5.4,95.1,174560.0,-1.4649277032351193,-0.1999999999999993,-2.5
1995-03-01,5.4,90.3,176376.0,1.0349557809918863,0.0,-4.799999999999997
1995-04-01,5.8,92.5,176353.0,-0.013041173270345041,0.39999999999999947,2.200000000000003
1995-05-01,5.6,89.8,179020.0,1.500986328081666,-0.20000000000000018,-2.700000000000003
1995-06-01,5.6,92.7,181382.0,1.310777308987987,0.0,2.9000000000000057
1995-07-01,5.7,94.4,180019.0,-0.7542903657501654,0.10000000000000053,1.7000000000000028
1995-08-01,5.7,96.2,181787.0,0.9773271160733898,0.0,1.7999999999999972
1995-09-01,5.6,88.9,182074.0,0.1577525810784408,-0.10000000000000053,-7.299999999999997
1995-10-01,5.5,90.2,181411.0,-0.3648022533367268,-0.09999999999999964,1.2999999999999972
1995-11-01,5.6,88.2,184327.0,1.5946178903636365,0.09999999999999964,-2.0
1995-12-01,5.6,91.0,184841.0,0.2784641854869818,0.0,2.799999999999997
1996-01-01,5.6,89.3,184636.0,-0.1109676764919243,0.0,-1.7000000000000028
1996-02-01,5.5,88.5,187576.0,1.5797777311526318,-0.09999999999999964,-0.7999999999999972
1996-03-01,5.5,93.7,188237.0,0.3517710572102928,0.0,5.200000000000003
1996-04-01,5.6,92.7,189778.0,0.8153160781260382,0.09999999999999964,-1.0
1996-05-01,5.6,89.4,191544.0,0.9262579270020055,0.0,-3.299999999999997
1996-06-01,5.3,92.4,189960.0,-0.8304023560896212,-0.2999999999999998,3.0
1996-07-01,5.5,94.7,191113.0,0.605135246244437,0.20000000000000018,2.299999999999997
1996-08-01,5.1,95.3,191139.0,0.013603591369104606,-0.40000000000000036,0.5999999999999943
1996-09-01,5.2,94.7,193303.0,1.1257993954021828,0.10000000000000053,-0.5999999999999943
1996-10-01,5.2,96.5,195420.0,1.0892182505118697,0.0,1.7999999999999972
1996-11-01,5.4,99.2,194860.0,-0.2869736519002686,0.20000000000000018,2.700000000000003
1996-12-01,5.4,96.9,195318.0,0.23476475370394212,0.0,-2.299999999999997
1997-01-01,5.3,97.4,197447.0,1.0841194363068851,-0.10000000000000053,0.5
1997-02-01,5.2,99.7,198891.0,0.7286742070084173,-0.09999999999999964,2.299999999999997
1997-03-01,5.2,100.0,200352.0,0.7318883595512915,0.0,0.29999999999999716
1997-04-01,5.1,101.4,197212.0,-1.579652731879122,-0.10000000000000053,1.4000000000000057
1997-05-01,4.9,103.2,196937.0,-0.13954116063867872,-0.1999999999999993,1.7999999999999972
1997-06-01,5.0,104.5,199311.0,1.198253823405615,0.09999999999999964,1.2999999999999972
1997-07-01,4.9,107.1,201751.0,1.2167844895486724,-0.09999999999999964,2.5999999999999943
1997-08-01,4.8,104.4,201892.0,0.06986371904638133,-0.10000000000000053,-2.6999999999999886
1997-09-01,4.9,106.0,202992.0,0.5433668440513628,0.10000000000000053,1.5999999999999943
1997-10-01,4.7,105.6,203055.0,0.031030890761662988,-0.20000000000000018,-0.4000000000000057
1997-11-01,4.6,107.2,202778.0,-0.13650937356768367,-0.10000000000000053,1.6000000000000085
1997-12-01,4.7,102.1,203837.0,0.5208870279881594,0.10000000000000053,-5.1000000000000085
1998-01-01,4.6,106.6,204505.0,0.3271770211648928,-0.10000000000000053,4.5
1998-02-01,4.6,110.4,204207.0,-0.14582398011651065,0.0,3.8000000000000114
1998-03-01,4.7,106.5,205311.0,0.5391717455619727,0.10000000000000053,-3.9000000000000057
1998-04-01,4.3,108.7,208683.0,1.629045141289609,-0.40000000000000036,2.200000000000003
1998-05-01,4.4,106.5,209165.0,0.2307060049529852,0.10000000000000053,-2.200000000000003
1998-06-01,4.5,105.6,211222.0,0.97862988952091,0.09999999999999964,-0.9000000000000057
1998-07-01,4.5,105.2,209658.0,-0.7432081348905939,0.0,-0.3999999999999915
1998-08-01,4.5,104.4,207737.0,-0.9204775157838796,0.0,-0.7999999999999972
1998-09-01,4.6,100.9,210112.0,1.1367865312069014,0.09999999999999964,-3.5
1998-10-01,4.5,97.4,213794.0,1.737221270717626,-0.09999999999999964,-3.5
1998-11-01,4.4,102.7,215194.0,0.652701227175001,-0.09999999999999964,5.299999999999997
1998-12-01,4.4,100.5,217396.0,1.0180628395758617,0.0,-2.200000000000003
1999-01-01,4.3,103.9,217930.0,0.2453335053907324,-0.10000000000000053,3.4000000000000057
1999-02-01,4.4,108.1,220769.0,1.2942995687696524,0.10000000000000053,4.199999999999989
1999-03-01,4.2,105.7,222199.0,0.6456470749942156,-0.20000000000000018,-2.3999999999999915
1999-04-01,4.3,104.6,223837.0,0.7344731651691916,0.09999999999999964,-1.1000000000000085
1999-05-01,4.2,106.8,225577.0,0.7743455674953381,-0.09999999999999964,2.200000000000003
1999-06-01,4.3,107.3,226474.0,0.39685839752010565,0.09999999999999964,0.5
1999-07-01,4.3,106.0,228424.0,0.8573403023365955,0.0,-1.2999999999999972
1999-08-01,4.2,104.5,230902.0,1.07898270107043,-0.09999999999999964,-1.5
1999-09-01,4.2,107.2,231912.0,0.43646112838420237,0.0,2.700000000000003
1999-10-01,4.1,103.2,231254.0,-0.2841315824881008,-0.10000000000000053,-4.0
1999-11-01,4.1,107.2,234425.0,1.3619033765452926,0.0,4.0
1999-12-01,4.0,105.4,239589.0,2.178924803196658,-0.09999999999999964,-1.7999999999999972
2000-01-01,4.0,112.0,237541.0,-0.8584715183127756,0.0,6.599999999999994
2000-02-01,4.1,111.3,241541.0,1.6698990785149803,0.09999999999999964,-0.7000000000000028
2000-03-01,4.0,107.1,244533.0,1.2311038192862611,-0.09999999999999964,-4.200000000000003
2000-04-01,3.8,109.2,239552.0,-2.057975685057656,-0.20000000000000018,2.1000000000000085
2000-05-01,4.0,110.7,241546.0,0.8289418862853282,0.20000000000000018,1.5
2000-06-01,4.0,106.4,243226.0,0.6931121127690787,0.0,-4.299999999999997
2000-07-01,4.0,108.3,240979.0,-0.9281259507956108,0.0,1.8999999999999915
2000-08-01,4.1,107.3,242318.0,0.5541120371344022,0.09999999999999964,-1.0
2000-09-01,3.9,106.8,245520.0,1.3127497175585034,-0.19999999999999973,-0.5
2000-10-01,3.9,105.8,245399.0,-0.04929530225972201,0.0,-1.0
2000-11-01,3.9,107.6,243846.0,-0.634857879411932,0.0,1.7999999999999972
2000-12-01,3.9,98.4,243844.0,-0.0008201931555262831,0.0,-9.199999999999989
2001-01-01,4.2,94.7,247339.0,1.4231188724821209,0.30000000000000027,-3.700000000000003
2001-02-01,4.2,90.6,247289.0,-0.020217213813289447,0.0,-4.1000000000000085
2001-03-01,4.3,91.5,244514.0,-1.1285126160544223,0.09999999999999964,0.9000000000000057
2001-04-01,4.4,88.4,249113.0,1.863404179339767,0.10000000000000053,-3.0999999999999943
2001-05-01,4.3,92.0,250250.0,0.4553809412579213,-0.10000000000000053,3.5999999999999943
2001-06-01,4.5,92.6,248836.0,-0.5666373263787605,0.20000000000000018,0.5999999999999943
2001-07-01,4.6,92.4,247336.0,-0.6046308819234625,0.09999999999999964,-0.19999999999998863
2001-08-01,4.9,91.5,249590.0,0.907183547781365,0.3000000000000007,-0.9000000000000057
2001-09-01,5.0,81.8,243130.0,-2.6223291876178223,0.09999999999999964,-9.700000000000003
2001-10-01,5.3,82.7,262862.0,7.803289992392415,0.2999999999999998,0.9000000000000057
2001-11-01,5.5,83.9,254084.0,-3.3964258629968214,0.20000000000000018,1.2000000000000028
2001-12-01,5.7,88.8,249879.0,-1.6688120311458832,0.20000000000000018,4.8999999999999915
2002-01-01,5.7,93.0,250603.0,0.28932129628280734,0.0,4.200000000000003
2002-02-01,5.7,90.7,252279.0,0.6665604278635939,0.0,-2.299999999999997
2002-03-01,5.7,95.7,251542.0,-0.29256443287977163,0.0,5.0
2002-04-01,5.9,93.0,254543.0,1.1859806852182686,0.20000000000000018,-2.700000000000003
2002-05-01,5.8,96.9,252390.0,-0.8494270230457346,-0.10000000000000053,3.9000000000000057
2002-06-01,5.8,92.4,253652.0,0.4987738631523797,0.0,-4.5
2002-07-01,5.8,88.1,257339.0,1.4431032977247682,0.0,-4.300000000000011
2002-08-01,5.7,87.6,259050.0,0.6626811421194034,-0.09999999999999964,-0.5
2002-09-01,5.7,86.1,254081.0,-1.9367979441508254,0.0,-1.5
2002-10-01,5.7,80.6,256131.0,0.8035918526882568,0.0,-5.5
2002-11-01,5.9,84.2,256350.0,0.08546658835388854,0.20000000000000018,3.6000000000000085
2002-12-01,6.0,86.7,259206.0,1.1079414128642995,0.09999999999999964,2.5
2003-01-01,5.8,82.4,261394.0,0.8405735240105017,-0.20000000000000018,-4.299999999999997
2003-02-01,5.9,79.9,257531.0,-1.4888746391248375,0.10000000000000053,-2.5
2003-03-01,5.9,77.6,260566.0,1.1716086821403238,0.0,-2.3000000000000114
2003-04-01,6.0,86.0,261375.0,0.30999697201838927,0.09999999999999964,8.400000000000006
2003-05-01,6.1,92.1,261392.0,0.006503853535555493,0.09999999999999964,6.099999999999994
2003-06-01,6.3,89.7,265331.0,1.4956906883604404,0.20000000000000018,-2.3999999999999915
2003-07-01,6.2,90.9,267683.0,0.8825341419790078,-0.09999999999999964,1.2000000000000028
2003-08-01,6.1,89.3,270612.0,1.0882616063895512,-0.10000000000000053,-1.6000000000000085
2003-09-01,6.1,87.7,270212.0,-0.14792245645054436,0.0,-1.5999999999999943
2003-10-01,6.0,89.6,269060.0,-0.4272433029539613,-0.09999999999999964,1.8999999999999915
2003-11-01,5.8,93.7,270161.0,0.4083674523281289,-0.20000000000000018,4.1000000000000085
2003-12-01,5.7,92.6,271550.0,0.5128206900176124,-0.09999999999999964,-1.1000000000000085
2004-01-01,5.7,103.8,272465.0,0.3363881006301028,0.0,11.200000000000003
2004-02-01,5.6,94.4,274360.0,0.6930947143965582,-0.10000000000000053,-9.399999999999991
2004-03-01,5.8,95.8,279692.0,1.9247885094095807,0.20000000000000018,1.3999999999999915
2004-04-01,5.6,94.2,277625.0,-0.74177155106252,-0.20000000000000018,-1.5999999999999943
2004-05-01,5.6,90.2,281281.0,1.3082887452236847,0.0,-4.0
2004-06-01,5.6,95.6,279141.0,-0.7637139160992845,0.0,5.3999999999999915
2004-07-01,5.5,96.7,281350.0,0.7882415373451579,-0.09999999999999964,1.1000000000000085
2004-08-01,5.4,95.9,281006.0,-0.12234244603313016,-0.09999999999999964,-0.7999999999999972
2004-09-01,5.4,94.2,286866.0,2.0639186354705075,0.0,-1.7000000000000028
2004-10-01,5.5,91.7,287700.0,0.2903062783840227,0.09999999999999964,-2.5
2004-11-01,5.4,92.8,289679.0,0.6855142808866788,-0.09999999999999964,1.0999999999999943
2004-12-01,5.4,97.1,293401.0,1.2766860652996925,0.0,4.299999999999997
2005-01-01,5.3,95.5,290111.0,-1.1276665651550388,-0.10000000000000053,-1.5999999999999943
2005-02-01,5.4,94.1,293710.0,1.2329277605783062,0.10000000000000053,-1.4000000000000057
2005-03-01,5.2,92.6,294743.0,0.3510904222093103,-0.20000000000000018,-1.5
2005-04-01,5.2,87.7,297153.0,0.8143367477170926,0.0,-4.8999999999999915
2005-05-01,5.1,86.9,295314.0,-0.6207960632620413,-0.10000000000000053,-0.7999999999999972
2005-06-01,5.0,96.0,305083.0,3.2544673693745807,-0.09999999999999964,9.099999999999994
2005-07-01,5.0,96.5,307320.0,0.730567926544623,0.0,0.5
2005-08-01,4.9,89.1,303216.0,-1.344412717497967,-0.09999999999999964,-7.400000000000006
2005-09-01,5.0,76.9,304187.0,0.3197221044835885,0.09999999999999964,-12.199999999999989
2005-10-01,5.0,74.2,303989.0,-0.06511273282594487,0.0,-2.700000000000003
2005-11-01,5.0,81.6,306566.0,0.8441550074987703,0.0,7.3999999999999915
2005-12-01,4.9,91.5,306723.0,0.05119935411510568,-0.09999999999999964,9.900000000000006
2006-01-01,4.7,91.2,315566.0,2.842279170566542,-0.20000000000000018,-0.29999999999999716
2006-02-01,4.8,86.7,313440.0,-0.675989766660301,0.09999999999999964,-4.5
2006-03-01,4.7,88.9,314471.0,0.32839078357582707,-0.09999999999999964,2.200000000000003
2006-04-01,4.7,87.4,316094.0,0.514777567441449,0.0,-1.5
2006-05-01,4.6,79.1,314919.0,-0.37241748048071344,-0.10000000000000053,-8.300000000000011
2006-06-01,4.6,84.9,316978.0,0.6516907936433114,0.0,5.800000000000011
2006-07-01,4.7,84.7,317984.0,0.3168696210922306,0.10000000000000053,-0.20000000000000284
2006-08-01,4.7,82.0,318802.0,0.25691533731500016,0.0,-2.700000000000003
2006-09-01,4.5,85.4,316400.0,-0.7562984528604488,-0.20000000000000018,3.4000000000000057
2006-10-01,4.4,93.6,316145.0,-0.08062667914963129,-0.09999999999999964,8.199999999999989
2006-11-01,4.5,92.1,317123.0,0.3088742136146294,0.09999999999999964,-1.5
2006-12-01,4.4,91.7,320312.0,1.000580955185093,-0.09999999999999964,-0.3999999999999915
2007-01-01,4.6,96.9,320305.0,-0.0021853931444937302,0.1999999999999993,5.200000000000003
2007-02-01,4.5,91.3,321434.0,0.3518568030871805,-0.09999999999999964,-5.6000000000000085
2007-03-01,4.4,88.4,323708.0,0.7049639978962574,-0.09999999999999964,-2.8999999999999915
2007-04-01,4.5,87.1,322878.0,-0.2567331974063336,0.09999999999999964,-1.3000000000000114
2007-05-01,4.4,88.3,327266.0,1.3498752984681062,-0.09999999999999964,1.2000000000000028
2007-06-01,4.6,85.3,324076.0,-0.9795239692190094,0.1999999999999993,-3.0
2007-07-01,4.7,90.4,325455.0,0.4246147056628402,0.10000000000000053,5.1000000000000085
2007-08-01,4.6,83.4,327444.0,0.609284484458783,-0.10000000000000053,-7.0
2007-09-01,4.7,83.4,328668.0,0.3731074633396503,0.10000000000000053,0.0
2007-10-01,4.7,80.9,330544.0,0.5691659327844434,0.0,-2.5
2007-11-01,4.7,76.1,334021.0,1.0464083202421648,0.0,-4.800000000000011
2007-12-01,5.0,75.5,329259.0,-1.4359190149958678,0.2999999999999998,-0.5999999999999943
2008-01-01,5.0,78.4,330478.0,0.3695416165022891,0.0,2.9000000000000057
2008-02-01,4.9,70.8,327869.0,-0.7925952904043854,-0.09999999999999964,-7.6000000000000085
2008-03-01,5.1,69.5,328493.0,0.19013903546980515,0.1999999999999993,-1.2999999999999972
2008-04-01,5.0,62.6,328037.0,-0.1389121817211958,-0.09999999999999964,-6.899999999999999
2008-05-01,5.4,59.8,331088.0,0.9257794169272415,0.40000000000000036,-2.8000000000000043
2008-06-01,5.6,56.4,331764.0,0.2039671704576307,0.1999999999999993,-3.3999999999999986
2008-07-01,5.8,61.2,330301.0,-0.44195128311770304,0.20000000000000018,4.800000000000004
2008-08-01,6.1,63.0,327296.0,-0.9139399714205965,0.2999999999999998,1.7999999999999972
2008-09-01,6.1,70.3,321568.0,-1.765593036211932,0.0,7.299999999999997
2008-10-01,6.5,57.6,308968.0,-3.997131820204558,0.40000000000000036,-12.699999999999996
2008-11-01,6.8,55.3,295396.0,-4.4920882620310465,0.2999999999999998,-2.3000000000000043
2008-12-01,7.3,60.1,287571.0,-2.684704277378991,0.5,4.800000000000004
2009-01-01,7.8,61.2,292449.0,1.6820506224856757,0.5,1.1000000000000014
2009-02-01,8.3,56.3,291429.0,-0.3493884125155944,0.5000000000000009,-4.900000000000006
2009-03-01,8.7,57.3,286022.0,-1.8727677431755296,0.3999999999999986,1.0
2009-04-01,9.0,65.1,287530.0,0.5258471681289123,0.3000000000000007,7.799999999999997
2009-05-01,9.4,68.7,290215.0,0.9294824985342842,0.40000000000000036,3.6000000000000085
2009-06-01,9.5,70.8,295458.0,1.7904667159770682,0.09999999999999964,2.0999999999999943
2009-07-01,9.5,66.0,296928.0,0.496299040601933,0.0,-4.799999999999997
2009-08-01,9.6,65.7,302871.0,1.981728711024111,0.09999999999999964,-0.29999999999999716
2009-09-01,9.8,73.5,294449.0,-2.8201159058534486,0.20000000000000107,7.799999999999997
2009-10-01,10.0,70.6,298067.0,1.2212480226718725,0.1999999999999993,-2.9000000000000057
2009-11-01,9.9,67.4,300583.0,0.8405628710919544,-0.09999999999999964,-3.1999999999999886
2009-12-01,9.9,72.5,301959.0,0.45673244089119436,0.0,5.099999999999994
2010-01-01,9.8,74.4,302325.0,0.12113511023130741,-0.09999999999999964,1.9000000000000057
2010-02-01,9.8,73.6,302310.0,-0.0049616710917632645,0.0,-0.8000000000000114
2010-03-01,9.9,73.6,309525.0,2.3585883346333603,0.09999999999999964,0.0
2010-04-01,9.9,72.2,312143.0,0.842255183342111,0.0,-1.3999999999999915
2010-05-01,9.6,73.6,309158.0,-0.9608943064622011,-0.3000000000000007,1.3999999999999915
2010-06-01,9.4,76.0,308588.0,-0.18454191909462736,-0.1999999999999993,2.4000000000000057
2010-07-01,9.4,67.8,309543.0,0.3089962353776343,0.0,-8.200000000000003
2010-08-01,9.5,68.9,310761.0,0.3927111756022228,0.09999999999999964,1.1000000000000085
2010-09-01,9.5,68.2,313785.0,0.9683910014786079,0.0,-0.7000000000000028
2010-10-01,9.4,67.7,317699.0,1.2396355637779521,-0.09999999999999964,-0.5
2010-11-01,9.8,71.6,320695.0,0.9386122035680344,0.40000000000000036,3.8999999999999915
2010-12-01,9.3,74.5,323421.0,0.846436441709919,-0.5,2.9000000000000057
2011-01-01,9.1,74.2,325674.0,0.6942000933372938,-0.20000000000000107,-0.29999999999999716
2011-02-01,9.0,77.5,328049.0,0.7266106437310071,-0.09999999999999964,3.299999999999997
2011-03-01,9.0,67.5,331161.0,0.9441674483978701,0.0,-10.0
2011-04-01,9.1,69.8,333189.0,0.6105234588044794,0.09999999999999964,2.299999999999997
2011-05-01,9.0,74.3,332409.0,-0.23437581154333031,-0.09999999999999964,4.5
2011-06-01,9.1,71.5,335108.0,0.8086729501878054,0.09999999999999964,-2.799999999999997
2011-07-01,9.0,63.7,334922.0,-0.055519903519929414,-0.09999999999999964,-7.799999999999997
2011-08-01,9.0,55.8,335163.0,0.0719311760123631,0.0,-7.900000000000006
2011-09-01,9.0,59.5,339011.0,1.1415574577766208,0.0,3.700000000000003
2011-10-01,8.8,60.8,341058.0,0.6019995565143432,-0.1999999999999993,1.2999999999999972
2011-11-01,8.6,63.7,342214.0,0.33837215720087244,-0.20000000000000107,2.9000000000000057
2011-12-01,8.5,69.9,343093.0,0.2565275072432982,-0.09999999999999964,6.200000000000003
2012-01-01,8.3,75.0,345656.0,0.7442513399176676,-0.1999999999999993,5.099999999999994
2012-02-01,8.3,75.3,350345.0,1.3474322431505925,0.0,0.29999999999999716
2012-03-01,8.2,76.2,351748.0,0.3996626850041096,-0.10000000000000142,0.9000000000000057
2012-04-01,8.2,76.4,349722.0,-0.5776456964762033,0.0,0.20000000000000284
2012-05-01,8.2,79.3,349064.0,-0.1883266678143869,0.0,2.8999999999999915
2012-06-01,8.2,73.2,345339.0,-1.0728743195899781,0.0,-6.099999999999994
2012-07-01,8.2,72.3,346936.0,0.4613781612629708,0.0,-0.9000000000000057
2012-08-01,8.1,74.3,351782.0,1.3871340663829557,-0.09999999999999964,2.0
2012-09-01,7.8,78.3,354575.0,0.7908223621114985,-0.2999999999999998,4.0
2012-10-01,7.8,82.6,354747.0,0.04849701641038706,0.0,4.299999999999997
2012-11-01,7.7,82.7,356158.0,0.39695932729095773,-0.09999999999999964,0.10000000000000853
2012-12-01,7.9,72.9,357519.0,0.38140549572815985,0.20000000000000018,-9.799999999999997
2013-01-01,8.0,73.8,360257.0,0.762915806661546,0.09999999999999964,0.8999999999999915
2013-02-01,7.7,77.6,365227.0,1.3701412438393845,-0.2999999999999998,3.799999999999997
2013-03-01,7.5,78.6,362148.0,-0.8466110027409712,-0.20000000000000018,1.0
2013-04-01,7.6,76.4,360499.0,-0.4563785256513242,0.09999999999999964,-2.1999999999999886
2013-05-01,7.5,84.5,362842.0,0.6478295006935753,-0.09999999999999964,8.099999999999994
2013-06-01,7.5,84.1,364181.0,0.36835189918260625,0.0,-0.4000000000000057
2013-07-01,7.3,85.1,366243.0,0.5646050725827578,-0.20000000000000018,1.0
2013-08-01,7.2,82.1,365543.0,-0.1913128191857183,-0.09999999999999964,-3.0
2013-09-01,7.2,77.5,365668.0,0.03418985798013807,0.0,-4.599999999999994
2013-10-01,7.2,73.2,366444.0,0.21198950177261366,0.0,-4.299999999999997
2013-11-01,6.9,75.1,366868.0,0.11563974058788062,-0.2999999999999998,1.8999999999999915
2013-12-01,6.7,82.5,369499.0,0.7145923692457146,-0.20000000000000018,7.400000000000006
2014-01-01,6.6,81.2,366684.0,-0.764759229634393,-0.10000000000000053,-1.2999999999999972
2014-02-01,6.7,81.6,371335.0,1.2604178411084632,0.10000000000000053,0.3999999999999915
2014-03-01,6.7,80.0,375285.0,1.0581117177263621,0.0,-1.5999999999999943
2014-04-01,6.2,84.1,379432.0,1.0989660328110773,-0.5,4.099999999999994
2014-05-01,6.3,81.9,379787.0,0.09351716062742099,0.09999999999999964,-2.1999999999999886
2014-06-01,6.1,82.5,380618.0,0.21856782394138463,-0.20000000000000018,0.5999999999999943
2014-07-01,6.2,81.8,381045.0,0.1121230898005976,0.10000000000000053,-0.7000000000000028
2014-08-01,6.1,82.5,384017.0,0.7769344052679372,-0.10000000000000053,0.7000000000000028
2014-09-01,5.9,84.6,382277.0,-0.4541345724886625,-0.1999999999999993,2.0999999999999943
2014-10-01,5.7,86.9,383323.0,0.2732499087864326,-0.20000000000000018,2.3000000000000114
2014-11-01,5.8,88.8,384459.0,0.29591754663922387,0.09999999999999964,1.8999999999999915
2014-12-01,5.6,93.6,380682.0,-0.987277032372802,-0.20000000000000018,4.799999999999997
2015-01-01,5.7,98.1,378518.0,-0.5700753057363173,0.10000000000000053,4.5
2015-02-01,5.5,95.4,377594.0,-0.24440835748222867,-0.20000000000000018,-2.6999999999999886
2015-03-01,5.4,93.0,383681.0,1.5991933859774932,-0.09999999999999964,-2.4000000000000057
2015-04-01,5.4,95.9,383893.0,0.055238975106242094,0.0,2.9000000000000057
2015-05-01,5.6,90.7,387155.0,0.8461261714774793,0.1999999999999993,-5.200000000000003
2015-06-01,5.3,96.1,387199.0,0.011364311425410278,-0.2999999999999998,5.3999999999999915
2015-07-01,5.2,93.1,390953.0,0.9648575402174231,-0.09999999999999964,-3.0
2015-08-01,5.1,91.9,390570.0,-0.09801375792175548,-0.10000000000000053,-1.1999999999999886
2015-09-01,5.0,87.2,388551.0,-0.5182775254134242,-0.09999999999999964,-4.700000000000003
2015-10-01,5.0,90.0,387066.0,-0.3829214198583841,0.0,2.799999999999997
2015-11-01,5.1,91.3,388530.0,0.37751657789080184,0.09999999999999964,1.2999999999999972
2015-12-01,5.0,92.6,389551.0,0.2624406934527812,-0.09999999999999964,1.2999999999999972
2016-01-01,4.8,92.0,387483.0,-0.5322816974832278,-0.20000000000000018,-0.5999999999999943
2016-02-01,4.9,91.7,390029.0,0.6549118470259074,0.10000000000000053,-0.29999999999999716
2016-03-01,5.0,91.0,388998.0,-0.26468931165055665,0.09999999999999964,-0.7000000000000028
2016-04-01,5.1,89.0,391112.0,0.5419761763558739,0.09999999999999964,-2.0
2016-05-01,4.8,94.7,392299.0,0.30303401620557224,-0.2999999999999998,5.700000000000003
2016-06-01,4.9,93.5,397113.0,1.2196570804437812,0.10000000000000053,-1.2000000000000028
2016-07-01,4.8,90.0,396545.0,-0.14313472477418543,-0.10000000000000053,-3.5
2016-08-01,4.9,89.8,396293.0,-0.06356910452982589,0.10000000000000053,-0.20000000000000284
2016-09-01,5.0,91.2,398797.0,0.6298678837618255,0.09999999999999964,1.4000000000000057
2016-10-01,4.9,87.2,399637.0,0.2104119588876685,-0.09999999999999964,-4.0
2016-11-01,4.7,93.8,398680.0,-0.23975449813065097,-0.20000000000000018,6.599999999999994
2016-12-01,4.7,98.2,405114.0,1.6009418880285509,0.0,4.400000000000006
2017-01-01,4.7,98.5,408269.0,0.7757761898302462,0.0,0.29999999999999716
2017-02-01,4.6,96.3,408155.0,-0.027926665737609824,-0.10000000000000053,-2.200000000000003
2017-03-01,4.4,96.9,407630.0,-0.12871040101938291,-0.1999999999999993,0.6000000000000085
2017-04-01,4.4,97.0,409134.0,0.3682830535934656,0.0,0.09999999999999432
2017-05-01,4.4,97.1,406609.0,-0.6190695020739767,0.0,0.09999999999999432
2017-06-01,4.3,95.0,409067.0,0.6026921082185055,-0.10000000000000053,-2.0999999999999943
2017-07-01,4.3,93.4,409113.0,0.011244469443916216,0.0,-1.5999999999999943
2017-08-01,4.4,96.8,409606.0,0.12043205534180146,0.10000000000000053,3.3999999999999915
2017-09-01,4.3,95.1,419021.0,2.2725315942437874,-0.10000000000000053,-1.7000000000000028
2017-10-01,4.2,100.7,418999.0,-0.005250471350315422,-0.09999999999999964,5.6000000000000085
2017-11-01,4.2,98.5,423224.0,1.0033056426696163,0.0,-2.200000000000003
2017-12-01,4.1,95.9,425545.0,0.5469110642156494,-0.10000000000000053,-2.5999999999999943
2018-01-01,4.0,95.7,423202.0,-0.5521093922455478,-0.09999999999999964,-0.20000000000000284
2018-02-01,4.1,99.7,425507.0,0.543179268110805,0.09999999999999964,4.0
2018-03-01,4.0,101.4,425087.0,-0.09875452545706764,-0.09999999999999964,1.7000000000000028
2018-04-01,4.0,98.8,425899.0,0.19083751000241733,0.0,-2.6000000000000085
2018-05-01,3.8,98.0,432340.0,1.5010086772502262,-0.20000000000000018,-0.7999999999999972
2018-06-01,4.0,98.2,430008.0,-0.5408502564199225,0.20000000000000018,0.20000000000000284
2018-07-01,3.8,97.9,432070.0,0.47837989888570576,-0.20000000000000018,-0.29999999999999716
2018-08-01,3.8,96.2,432031.0,-0.009026722576699342,0.0,-1.7000000000000028
2018-09-01,3.7,100.1,431438.0,-0.13735295493617627,-0.09999999999999964,3.8999999999999915
2018-10-01,3.8,98.6,435894.0,1.027527914526516,0.09999999999999964,-1.5
2018-11-01,3.8,97.5,438612.0,0.6216100865936269,0.0,-1.0999999999999943
2018-12-01,3.9,98.3,428932.0,-2.231679718487456,0.10000000000000009,0.7999999999999972
2019-01-01,4.0,91.2,430246.0,0.3058739922275677,0.10000000000000009,-7.099999999999994
2019-02-01,3.8,93.8,431194.0,0.2200966713168384,-0.20000000000000018,2.5999999999999943
2019-03-01,3.8,98.4,438196.0,1.6108194026557499,0.0,4.6000000000000085
2019-04-01,3.7,97.2,437735.0,-0.10525944225374673,-0.09999999999999964,-1.2000000000000028
2019-05-01,3.6,100.0,442514.0,1.0858397920353369,-0.10000000000000009,2.799999999999997
2019-06-01,3.6,98.2,442116.0,-0.08998112812221848,0.0,-1.7999999999999972
2019-07-01,3.7,98.4,445304.0,0.7184903911241491,0.10000000000000009,0.20000000000000284
2019-08-01,3.6,89.8,448519.0,0.7193849039614619,-0.10000000000000009,-8.600000000000009
2019-09-01,3.5,93.2,444555.0,-0.887726220255658,-0.10000000000000009,3.4000000000000057
2019-10-01,3.6,95.5,445627.0,0.2408497404372767,0.10000000000000009,2.299999999999997
2019-11-01,3.6,96.8,449040.0,0.7629691396914495,0.0,1.2999999999999972
2019-12-01,3.6,99.3,449643.0,0.13419639416643037,0.0,2.5
2020-01-01,3.6,99.8,447774.0,-0.4165293731254849,0.0,0.5
2020-02-01,3.5,101.0,447972.0,0.04420896174242017,-0.10000000000000009,1.2000000000000028
2020-03-01,4.4,89.1,420954.0,-6.2207166407061365,0.9000000000000004,-11.900000000000006
2020-04-01,14.8,71.8,370296.0,-12.822087824588202,10.4,-17.299999999999997
2020-05-01,13.2,72.3,437957.0,16.78180462322949,-1.6000000000000014,0.5
2020-06-01,11.0,78.1,465800.0,6.163562540911194,-2.1999999999999993,5.799999999999997
2020-07-01,10.2,72.5,471873.0,1.2953524133470395,-0.8000000000000007,-5.599999999999994
2020-08-01,8.4,74.1,473696.0,0.3855884147370148,-1.799999999999999,1.5999999999999943
2020-09-01,7.8,80.4,482702.0,1.8833720287046773,-0.6000000000000005,6.300000000000011
2020-10-01,6.9,81.8,480763.0,-0.40250608332002,-0.8999999999999995,1.3999999999999915
2020-11-01,6.7,76.9,478079.0,-0.5598434382852346,-0.20000000000000018,-4.8999999999999915
2020-12-01,6.7,80.7,485949.0,1.6327689320407401,0.0,3.799999999999997
2021-01-01,6.4,79.0,501604.0,3.1707283646090545,-0.2999999999999998,-1.7000000000000028
2021-02-01,6.2,76.8,488805.0,-2.584732683093627,-0.20000000000000018,-2.200000000000003
2021-03-01,6.1,84.9,539607.0,9.887745988409513,-0.10000000000000053,8.100000000000009
2021-04-01,6.1,88.3,542199.0,0.4791995903248747,0.0,3.3999999999999915
2021-05-01,5.8,82.9,536589.0,-1.040065438449922,-0.2999999999999998,-5.3999999999999915
2021-06-01,5.9,85.5,540152.0,0.6618143090840078,0.10000000000000053,2.5999999999999943
2021-07-01,5.4,81.2,528600.0,-2.161857926113342,-0.5,-4.299999999999997
2021-08-01,5.1,70.3,532477.0,0.7307701992305127,-0.3000000000000007,-10.900000000000006
2021-09-01,4.7,72.8,536651.0,0.7808272175209297,-0.39999999999999947,2.5
2021-10-01,4.5,71.7,545361.0,1.609998436631166,-0.20000000000000018,-1.0999999999999943
2021-11-01,4.1,67.4,551082.0,1.0435657702931422,-0.40000000000000036,-4.299999999999997
2021-12-01,3.9,70.6,547277.0,-0.692854562395695,-0.19999999999999973,3.1999999999999886
2022-01-01,4.0,67.2,560257.0,2.344053424212511,0.10000000000000009,-3.3999999999999915
2022-02-01,3.9,62.8,563777.0,0.6263176214757138,-0.10000000000000009,-4.400000000000006
2022-03-01,3.7,59.4,574485.0,1.88152040475007,-0.19999999999999973,-3.3999999999999986
2022-04-01,3.7,65.2,580943.0,1.117865803919571,0.0,5.800000000000004
2022-05-01,3.6,58.4,579844.0,-0.18935434810565255,-0.10000000000000009,-6.800000000000004
2022-06-01,3.6,50.0,585556.0,0.9802721366671818,0.0,-8.399999999999999
2022-07-01,3.5,51.5,579267.0,-1.0798312035142033,-0.10000000000000009,1.5
2022-08-01,3.6,58.2,581196.0,0.3324538182946313,0.10000000000000009,6.700000000000003
2022-09-01,3.5,58.6,579446.0,-0.30155747011804124,-0.10000000000000009,0.3999999999999986
2022-10-01,3.6,59.9,585006.0,0.9549628930708209,0.10000000000000009,1.2999999999999972
2022-11-01,3.6,56.7,576356.0,-1.4896578255742199,0.0,-3.1999999999999957
2022-12-01,3.5,59.8,569119.0,-1.2635974233850433,-0.10000000000000009,3.0999999999999943
2023-01-01,3.5,64.9,591964.0,3.935627112421969,0.0,5.1000000000000085
2023-02-01,3.6,66.9,586165.0,-0.9844502314642511,0.10000000000000009,2.0
2023-03-01,3.5,62.0,578812.0,-1.2623592816984441,-0.10000000000000009,-4.900000000000006
2023-04-01,3.4,63.7,583874.0,0.8707479032935339,-0.10000000000000009,1.7000000000000028
2023-05-01,3.6,59.0,586286.0,0.41225189991571654,0.20000000000000018,-4.700000000000003
2023-06-01,3.6,64.2,588670.0,0.40580298693111416,0.0,5.200000000000003
2023-07-01,3.5,71.5,589257.0,0.0996666259609924,-0.10000000000000009,7.299999999999997
2023-08-01,3.7,69.4,595191.0,1.0019941183287528,0.20000000000000018,-2.0999999999999943
2023-09-01,3.7,67.8,598956.0,0.6305777221026432,0.0,-1.6000000000000085
2023-10-01,3.9,63.8,595517.0,-0.5758203830831476,0.19999999999999973,-4.0
2023-11-01,3.7,61.3,593567.0,-0.327983851110325,-0.19999999999999973,-2.5
2023-12-01,3.8,69.7,594256.0,0.11601056340460048,0.09999999999999964,8.400000000000006
2024-01-01,3.7,79.0,588944.0,-0.8979100219095315,-0.09999999999999964,9.299999999999997
2024-02-01,3.9,76.9,593206.0,0.7210622114266485,0.19999999999999973,-2.0999999999999943
2024-03-01,3.9,79.4,595969.0,0.46469274446607756,0.0,2.5
2024-04-01,3.9,77.2,595676.0,-0.04917572026990058,0.0,-2.200000000000003
2024-05-01,3.9,69.1,600372.0,0.78525680084649,0.0,-8.100000000000009
2024-06-01,4.1,68.2,599979.0,-0.06548084919195674,0.19999999999999973,-0.8999999999999915
2024-07-01,4.2,66.4,605814.0,0.9678353659746008,0.10000000000000053,-1.7999999999999972
2024-08-01,4.2,67.9,603601.0,-0.36596246447491154,0.0,1.5
2024-09-01,4.1,70.1,608774.0,0.8533715052356783,-0.10000000000000053,2.1999999999999886
2024-10-01,4.1,70.5,612772.0,0.6545826805483657,0.0,0.4000000000000057
2024-11-01,4.2,71.8,616344.0,0.5812323745031378,0.10000000000000053,1.2999999999999972
2024-12-01,4.1,74.0,621713.0,0.8673322242119141,-0.10000000000000053,2.200000000000003
2025-01-01,4.0,71.7,615145.0,-1.062055908931292,-0.09999999999999964,-2.299999999999997
2025-02-01,4.2,64.7,616636.0,0.2420886063658756,0.20000000000000018,-7.0
2025-03-01,4.2,57.0,625420.0,1.4144525607537872,0.0,-7.700000000000003
2025-04-01,4.2,52.2,624272.0,-0.18372532158679178,0.0,-4.799999999999997
2025-05-01,4.3,52.2,616540.0,-1.2462967929360858,0.09999999999999964,0.0
2025-06-01,4.1,60.7,620791.0,0.6871268440963973,-0.20000000000000018,8.5
2025-07-01,4.3,61.7,628581.0,1.247042666659226,0.20000000000000018,1.0
2025-08-01,4.3,58.2,632149.0,0.5660227845794452,0.0,-3.5
2025-09-01,4.4,55.1,632395.0,0.03890730620739191,0.10000000000000053,-3.1000000000000014
2025-11-01,4.5,51.0,634477.0,0.32868385667583766,0.09999999999999964,-4.100000000000001
2025-12-01,4.4,52.9,634830.0,0.055620903233055685,-0.09999999999999964,1.8999999999999986
2026-01-01,4.3,56.4,634949.0,0.01874341918526312,-0.10000000000000053,3.5
2026-02-01,4.4,56.6,641038.0,0.9544056828191927,0.10000000000000053,0.20000000000000284
2026-03-01,4.3,53.3,653772.0,1.9669929285731413,-0.10000000000000053,-3.3000000000000043
2026-04-01,4.3,49.8,657830.0,0.6187872461788757,0.0,-3.5
2026-05-01,4.3,44.8,663604.0,0.8739046743315271,0.0,-5.0
2026-06-01,4.2,49.5,665054.0,0.21826543409186883,-0.09999999999999964,4.700000000000003
